{"cameraMode":{"drawMode":0,"name":"Shaded","section":"Shading Mode"},"sceneLighting":false,"audioPlay":false,"sceneViewState":{"m_AlwaysRefresh":false,"showFog":true,"showSkybox":false,"showFlares":true,"showImageEffects":true,"showParticleSystems":true,"showVisualEffectGraphs":true,"m_FxEnabled":true},"in2DMode":false,"pivot":{"x":28.384578704833986,"y":33.12297058105469,"z":-25.53683853149414},"rotation":{"x":0.1707836240530014,"y":-0.09296358376741409,"z":0.016184162348508836,"w":0.9807993173599243},"size":2.7954225540161135,"orthographic":false}