{"cameraMode":{"drawMode":0,"name":"Shaded","section":"Shading Mode"},"sceneLighting":true,"audioPlay":false,"sceneViewState":{"m_AlwaysRefresh":false,"showFog":true,"showSkybox":true,"showFlares":true,"showImageEffects":true,"showParticleSystems":true,"showVisualEffectGraphs":true,"m_FxEnabled":true},"in2DMode":false,"pivot":{"x":2.2618095874786379,"y":21.049911499023439,"z":-22.980926513671876},"rotation":{"x":0.43166252970695498,"y":-0.00913751870393753,"z":0.004272314254194498,"w":0.9021018147468567},"size":9.342909812927246,"orthographic":false}